R,D,Analytic,Numerical,Analytic Area, Numerical Area
3.458793969849247e-05,1.6944723618090457e-06,2.1611878860911512e-10,2.25346e-10,1.1568816266083075e-09,1154.4
