R,D,Analytic,Numerical,Analytic Area, Numerical Area
1.078894472361809e-05,4.653266331658292e-06,2.4548410598635713e-11,2.64796e-11,9.909839469257128e-10,994.559
