R,D,Analytic,Numerical,Analytic Area, Numerical Area
3.7376884422110556e-05,1.3477386934673372e-06,2.9362952425897873e-10,3.06096e-10,9.943483004453512e-10,993.239
