R,D,Analytic,Numerical,Analytic Area, Numerical Area
2.8824120603015077e-05,2.41105527638191e-06,1.2657595710430807e-10,1.32709e-10,1.3718068733245313e-09,1370.38
