R,D,Analytic,Numerical,Analytic Area, Numerical Area
4.035175879396985e-05,9.778894472361815e-07,4.368929435731767e-10,4.54749e-10,7.789004763571365e-10,777.801
