R,D,Analytic,Numerical,Analytic Area, Numerical Area
3.5889447236180905e-05,1.532663316582915e-06,2.47926144917105e-10,2.59127e-10,1.0857835894516283e-09,1086.75
