R,D,Analytic,Numerical,Analytic Area, Numerical Area
3.27286432160804e-05,1.925628140703518e-06,1.7995250589983636e-10,1.88227e-10,1.2440280328031031e-09,1243.42
