R,D,Analytic,Numerical,Analytic Area, Numerical Area
1.5437185929648242e-05,4.075376884422111e-06,4.0105383920810706e-11,4.27919e-11,1.241840026667954e-09,1245.29
