R,D,Analytic,Numerical,Analytic Area, Numerical Area
2.306030150753769e-05,3.127638190954774e-06,7.806399890472433e-11,8.25428e-11,1.4236762165058085e-09,1419.28
