R,D,Analytic,Numerical,Analytic Area, Numerical Area
3.942211055276382e-05,1.0934673366834174e-06,3.817124962787319e-10,3.97001e-10,8.508939331924151e-10,849.344
