R,D,Analytic,Numerical,Analytic Area, Numerical Area
3.1613065326633165e-05,2.0643216080402014e-06,1.6214052362685372e-10,1.69507e-10,1.2881715650010656e-09,1285.77
