R,D,Analytic,Numerical,Analytic Area, Numerical Area
8.185929648241206e-06,4.976884422110553e-06,1.741457073191621e-11,1.88519e-11,8.041837705062281e-10,805.48
