R,D,Analytic,Numerical,Analytic Area, Numerical Area
3.012562814070352e-05,2.249246231155779e-06,1.418082281040448e-10,1.48294e-10,1.3375279111596144e-09,1334.29
