R,D,Analytic,Numerical,Analytic Area, Numerical Area
2.808040201005025e-05,2.503517587939699e-06,1.1875584527373843e-10,1.24581e-10,1.3876620422583145e-09,1385.38
