R,D,Analytic,Numerical,Analytic Area, Numerical Area
3.6819095477386936e-05,1.4170854271356787e-06,2.7509291428654327e-10,2.8695e-10,1.0299090824975356e-09,1028.7
