R,D,Analytic,Numerical,Analytic Area, Numerical Area
1.9155778894472363e-05,3.6130653266331664e-06,5.6134042943157336e-11,5.95685e-11,1.3661719699719172e-09,1365.98
