R,D,Analytic,Numerical,Analytic Area, Numerical Area
3.25427135678392e-05,1.948743718592965e-06,1.7680777394275316e-10,1.84956e-10,1.2518094710610402e-09,1250.94
