R,D,Analytic,Numerical,Analytic Area, Numerical Area
1.4879396984924623e-05,4.144723618090452e-06,3.80094929465623e-11,4.0438e-11,1.217336511268139e-09,1219.47
