R,D,Analytic,Numerical,Analytic Area, Numerical Area
3.2170854271356784e-05,1.99497487437186e-06,1.7073693623013699e-10,1.78639e-10,1.266863328106983e-09,1265.76
