R,D,Analytic,Numerical,Analytic Area, Numerical Area
3.7934673366834175e-05,1.2783919597989952e-06,3.1417718153974454e-10,3.27251e-10,9.572604599833702e-10,955.832
