R,D,Analytic,Numerical,Analytic Area, Numerical Area
4.1095477386934676e-05,8.85427135678392e-07,4.9140947175148e-10,5.11825e-10,7.182515940693198e-10,717.58
