R,D,Analytic,Numerical,Analytic Area, Numerical Area
4.072361809045226e-05,9.316582914572872e-07,4.6279858614334114e-10,4.81877e-10,7.489153815265167e-10,747.857
