R,D,Analytic,Numerical,Analytic Area, Numerical Area
3.0497487437185934e-05,2.203015075376885e-06,1.4657129094663712e-10,1.53638e-10,1.3262068635598419e-09,1326.12
