R,D,Analytic,Numerical,Analytic Area, Numerical Area
2.491959798994975e-05,2.896482412060302e-06,9.109036810630939e-11,9.60463e-11,1.4247598517659267e-09,1423.46
