R,D,Analytic,Numerical,Analytic Area, Numerical Area
2.770854271356784e-05,2.5497487437185933e-06,1.1505847667272609e-10,1.2093e-10,1.3945715877853413e-09,1395.1
