R,D,Analytic,Numerical,Analytic Area, Numerical Area
3.88643216080402e-05,1.162814070351759e-06,3.5386950135176825e-10,3.67289e-10,8.920539294138537e-10,887.478
