R,D,Analytic,Numerical,Analytic Area, Numerical Area
4.20251256281407e-05,7.698492462311561e-07,5.77970473575058e-10,6.02305e-10,6.386228451850581e-10,638.32
