R,D,Analytic,Numerical,Analytic Area, Numerical Area
1.6180904522613064e-05,3.982914572864322e-06,4.3013434851183456e-11,4.56626e-11,1.2721359563413565e-09,1273.95
