R,D,Analytic,Numerical,Analytic Area, Numerical Area
3.867839195979899e-05,1.1859296482412065e-06,3.4531210630076906e-10,3.59828e-10,9.054345818410453e-10,904.814
