R,D,Analytic,Numerical,Analytic Area, Numerical Area
4.4814070351758796e-05,4.231155778894476e-07,1.1213926299164292e-09,1.16853e-09,3.7428562503566276e-10,374.236
