R,D,Analytic,Numerical,Analytic Area, Numerical Area
2.1572864321608042e-05,3.3125628140703523e-06,6.895186394380971e-11,7.28498e-11,1.4105928410193413e-09,1406.42
