R,D,Analytic,Numerical,Analytic Area, Numerical Area
9.115577889447236e-06,4.861306532663317e-06,1.9853337277215192e-11,2.15227e-11,8.747157652519642e-10,876.798
