R,D,Analytic,Numerical,Analytic Area, Numerical Area
4.3884422110552765e-05,5.386934673366835e-07,8.625236176294333e-10,8.99532e-10,4.666398606682292e-10,466.887
