R,D,Analytic,Numerical,Analytic Area, Numerical Area
4.3326633165829146e-05,6.080402010050258e-07,7.544404564662995e-10,7.87185e-10,5.200163241680411e-10,520.676
