R,D,Analytic,Numerical,Analytic Area, Numerical Area
2.2688442211055277e-05,3.173869346733669e-06,7.568641840827287e-11,8.02186e-11,1.421423411574056e-09,1419.71
