R,D,Analytic,Numerical,Analytic Area, Numerical Area
2.919597989949749e-05,2.3648241206030155e-06,1.3071533206604818e-10,1.37143e-10,1.3628612499177755e-09,1362.75
