R,D,Analytic,Numerical,Analytic Area, Numerical Area
1.264824120603015e-05,4.422110552763819e-06,3.028327667331023e-11,3.24242e-11,1.1040518655709141e-09,1106.03
