R,D,Analytic,Numerical,Analytic Area, Numerical Area
1.9527638190954772e-05,3.566834170854272e-06,5.796543804982444e-11,6.14995e-11,1.374872354856144e-09,1375.01
