R,D,Analytic,Numerical,Analytic Area, Numerical Area
3.3658291457286435e-05,1.810050251256282e-06,1.968809769292211e-10,2.05652e-10,1.2025757441637561e-09,1200.84
