R,D,Analytic,Numerical,Analytic Area, Numerical Area
3.495979899497487e-05,1.6482412060301513e-06,2.2456934930069774e-10,2.346e-10,1.1374162674896195e-09,1136.56
