R,D,Analytic,Numerical,Analytic Area, Numerical Area
2.7894472361809045e-05,2.526633165829146e-06,1.1689024779148538e-10,1.22535e-10,1.39120165160015e-09,1387.97
