R,D,Analytic,Numerical,Analytic Area, Numerical Area
1.320603015075377e-05,4.352763819095478e-06,3.212251217959582e-11,3.44003e-11,1.1346636146099154e-09,1137.26
