R,D,Analytic,Numerical,Analytic Area, Numerical Area
2.4175879396984924e-05,2.988944723618091e-06,8.563803980027943e-11,9.0426e-11,1.4263624755416083e-09,1424.91
