R,D,Analytic,Numerical,Analytic Area, Numerical Area
2.64070351758794e-05,2.711557788944724e-06,1.0311054926430282e-10,1.08458e-10,1.4134102926956487e-09,1410.89
