R,D,Analytic,Numerical,Analytic Area, Numerical Area
1.636683417085427e-05,3.959798994974875e-06,4.376166749856046e-11,4.64665e-11,1.2792857558680971e-09,1281.13
