R,D,Analytic,Numerical,Analytic Area, Numerical Area
2.175879396984925e-05,3.289447236180905e-06,7.003485218083865e-11,7.4286e-11,1.4128221190034041e-09,1412.1
