R,D,Analytic,Numerical,Analytic Area, Numerical Area
1.0417085427135677e-05,4.699497487437186e-06,2.3469137256951886e-11,2.53434e-11,9.663342853169438e-10,968.201
