R,D,Analytic,Numerical,Analytic Area, Numerical Area
1.2276381909547737e-05,4.468341708542714e-06,2.9088835381104063e-11,3.12027e-11,1.0827956670950262e-09,1084.38
