R,D,Analytic,Numerical,Analytic Area, Numerical Area
1.692462311557789e-05,3.890452261306533e-06,4.605971398387825e-11,4.8756e-11,1.2997171155084545e-09,1298.35
