R,D,Analytic,Numerical,Analytic Area, Numerical Area
3.124120603015075e-05,2.1105527638190957e-06,1.5672341917684818e-10,1.64187e-10,1.301528690480567e-09,1301.48
