R,D,Analytic,Numerical,Analytic Area, Numerical Area
1.5251256281407036e-05,4.098492462311558e-06,3.9398873018587365e-11,4.20071e-11,1.233841861357993e-09,1237.94
