R,D,Analytic,Numerical,Analytic Area, Numerical Area
3.347236180904523e-05,1.8331658291457292e-06,1.9332451305945128e-10,2.01907e-10,1.2112055482049137e-09,1209.62
