R,D,Analytic,Numerical,Analytic Area, Numerical Area
1.8969849246231156e-05,3.6361809045226136e-06,5.5235808941835954e-11,5.85875e-11,1.3615672677948377e-09,1361.4
