R,D,Analytic,Numerical,Analytic Area, Numerical Area
3.9050251256281406e-05,1.1396984924623118e-06,3.6277402177520637e-10,3.76601e-10,8.785036038300182e-10,874.483
