R,D,Analytic,Numerical,Analytic Area, Numerical Area
2.8266331658291457e-05,2.480402010050252e-06,1.2065621483224091e-10,1.26476e-10,1.3839527597598348e-09,1380.69
