R,D,Analytic,Numerical,Analytic Area, Numerical Area
1.1532663316582915e-05,4.560804020100503e-06,2.6772598410761567e-11,2.88086e-11,1.0382471922635224e-09,1041.16
