R,D,Analytic,Numerical,Analytic Area, Numerical Area
2.9567839195979902e-05,2.318592964824121e-06,1.3501977963137742e-10,1.41614e-10,1.3532369338844434e-09,1353.65
