R,D,Analytic,Numerical,Analytic Area, Numerical Area
4.314070351758794e-05,6.31155778894473e-07,7.236906823774255e-10,7.55058e-10,5.3746913235469e-10,537.918
