R,D,Analytic,Numerical,Analytic Area, Numerical Area
1.971356783919598e-05,3.5437185929648245e-06,5.889905481222777e-11,6.2483e-11,1.3789680375632911e-09,1379.19
