R,D,Analytic,Numerical,Analytic Area, Numerical Area
2.213065326633166e-05,3.2432160804020108e-06,7.224714175582934e-11,7.64661e-11,1.4167716555015972e-09,1413.26
