R,D,Analytic,Numerical,Analytic Area, Numerical Area
1.2834170854271357e-05,4.398994974874372e-06,3.088991203830321e-11,3.30742e-11,1.1144254550738918e-09,1116.91
