R,D,Analytic,Numerical,Analytic Area, Numerical Area
3.384422110552764e-05,1.7869346733668344e-06,2.0052945280012123e-10,2.09402e-10,1.1937762669659544e-09,1191.87
