R,D,Analytic,Numerical,Analytic Area, Numerical Area
2.4733668341708543e-05,2.919597989949749e-06,8.96949098978642e-11,9.44002e-11,1.425415017444813e-09,1421.53
