R,D,Analytic,Numerical,Analytic Area, Numerical Area
2.547738693467337e-05,2.8271356783919603e-06,9.541365935643376e-11,1.00305e-10,1.421776315789403e-09,1417.76
