R,D,Analytic,Numerical,Analytic Area, Numerical Area
2.3989949748743718e-05,3.012060301507538e-06,8.432726150715478e-11,8.89563e-11,1.4263389485939184e-09,1423.29
