R,D,Analytic,Numerical,Analytic Area, Numerical Area
4.1839195979899495e-05,7.929648241206033e-07,5.586396135987405e-10,5.81502e-10,6.548879412751985e-10,654.197
