R,D,Analytic,Numerical,Analytic Area, Numerical Area
2.250251256281407e-05,3.196984924623116e-06,7.452341455650347e-11,7.90143e-11,1.4200424993732138e-09,1419.35
