R,D,Analytic,Numerical,Analytic Area, Numerical Area
9.85929648241206e-06,4.768844221105528e-06,2.188946320890254e-11,2.35912e-11,9.280872442289598e-10,926.875
