R,D,Analytic,Numerical,Analytic Area, Numerical Area
4.258291457286432e-05,7.005025125628145e-07,6.436177412421217e-10,6.70409e-10,5.888095179747723e-10,588.309
