R,D,Analytic,Numerical,Analytic Area, Numerical Area
1.562311557788945e-05,4.052261306532664e-06,4.0819955215271726e-11,4.33249e-11,1.2496685188212708e-09,1248.83
