R,D,Analytic,Numerical,Analytic Area, Numerical Area
2.008542713567839e-05,3.49748743718593e-06,6.080331107071593e-11,6.45216e-11,1.386650383507654e-09,1386.84
