R,D,Analytic,Numerical,Analytic Area, Numerical Area
2.863819095477387e-05,2.434170854271357e-06,1.2456523264415646e-10,1.30801e-10,1.3760251752929433e-09,1375.65
