R,D,Analytic,Numerical,Analytic Area, Numerical Area
1.0974874371859296e-05,4.630150753768845e-06,2.509612952046267e-11,2.70448e-11,1.0030542679951313e-09,1007.41
