R,D,Analytic,Numerical,Analytic Area, Numerical Area
1.2462311557788944e-05,4.4452261306532665e-06,2.9682950425836946e-11,3.17719e-11,1.0935086029112922e-09,1095.03
