R,D,Analytic,Numerical,Analytic Area, Numerical Area
1.5994974874371858e-05,4.006030150753769e-06,4.227383710139284e-11,4.49373e-11,1.264816483657972e-09,1264.65
