R,D,Analytic,Numerical,Analytic Area, Numerical Area
4.425628140703518e-05,4.924623115577891e-07,9.514900291990866e-10,9.92946e-10,4.3020718588513483e-10,430.711
