R,D,Analytic,Numerical,Analytic Area, Numerical Area
3.979396984924623e-05,1.047236180904523e-06,4.0232308177489114e-10,4.1903e-10,8.226055699282359e-10,821.949
