R,D,Analytic,Numerical,Analytic Area, Numerical Area
1.878391959798995e-05,3.6592964824120608e-06,5.434892313168754e-11,5.76177e-11,1.356792892461114e-09,1356.39
