R,D,Analytic,Numerical,Analytic Area, Numerical Area
3.1055276381909546e-05,2.1336683417085433e-06,1.5410289808869193e-10,1.6119e-10,1.3079527434853518e-09,1306.09
