R,D,Analytic,Numerical,Analytic Area, Numerical Area
4.1653266331658295e-05,8.160804020100504e-07,5.404038516013772e-10,5.63099e-10,6.709833642086949e-10,670.705
