R,D,Analytic,Numerical,Analytic Area, Numerical Area
3.4216080402010054e-05,1.74070351758794e-06,2.0811710296581512e-10,2.17203e-10,1.1756682931004191e-09,1173.18
