sim,msfn,nextime
0,2.02401e-11,1.743727445602417
1,2.41302e-11,1.7361092567443848
2,2.83833e-11,1.144341230392456
3,3.33064e-11,1.7999045848846436
4,3.87392e-11,1.8351409435272217
5,4.53943e-11,1.9782259464263916
6,5.28949e-11,1.9321155548095703
7,6.23934e-11,1.7845549583435059
8,7.39333e-11,1.684196949005127
9,8.83664e-11,1.51939058303833
