R,D,Analytic,Numerical,Analytic Area, Numerical Area
1.7296482412060302e-05,3.844221105527639e-06,4.7637806036540926e-11,5.04939e-11,1.312489656152139e-09,1312.19
