R,D,Analytic,Numerical,Analytic Area, Numerical Area
2.6964824120603013e-05,2.6422110552763825e-06,1.0805189988678335e-10,1.13441e-10,1.4063546009596668e-09,1403.47
