R,D,Analytic,Numerical,Analytic Area, Numerical Area
1.748241206030151e-05,3.821105527638192e-06,4.8441171940783065e-11,5.15034e-11,1.318621416739015e-09,1321.66
