R,D,Analytic,Numerical,Analytic Area, Numerical Area
3.663316582914573e-05,1.4402010050251259e-06,2.6931073378572077e-10,2.81263e-10,1.0414233302016423e-09,1041.56
