R,D,Analytic,Numerical,Analytic Area, Numerical Area
1.3391959798994976e-05,4.329648241206031e-06,3.274868335165219e-11,3.49903e-11,1.1445281846429608e-09,1147.31
