R,D,Analytic,Numerical,Analytic Area, Numerical Area
8e-06,5e-06,1.6940347062384106e-11,1.84206e-11,7.895683520871486e-10,791.344
