R,D,Analytic,Numerical,Analytic Area, Numerical Area
1.41356783919598e-05,4.237185929648242e-06,3.532168842392559e-11,3.77187e-11,1.1822897332087028e-09,1185.35
