R,D,Analytic,Numerical,Analytic Area, Numerical Area
2.5105527638190956e-05,2.8733668341708547e-06,9.25082785979265e-11,9.72212e-11,1.4239350129303961e-09,1418.71
