R,D,Analytic,Numerical,Analytic Area, Numerical Area
3.514572864321608e-05,1.6251256281407037e-06,2.2897492917886988e-10,2.39458e-10,1.127429078195309e-09,1127.69
