R,D,Analytic,Numerical,Analytic Area, Numerical Area
2.6035175879396988e-05,2.7577889447236183e-06,9.995437560383116e-11,1.05181e-10,1.4172657214030825e-09,1415.92
