R,D,Analytic,Numerical,Analytic Area, Numerical Area
8.743718592964823e-06,4.907537688442212e-06,1.8864046109300337e-11,2.04494e-11,8.470119868236019e-10,850.337
