R,D,Analytic,Numerical,Analytic Area, Numerical Area
3.551758793969849e-05,1.5788944723618094e-06,2.381730844942132e-10,2.48982e-10,1.106945680136757e-09,1107.28
