R,D,Analytic,Numerical,Analytic Area, Numerical Area
3.8492462311557794e-05,1.2090452261306537e-06,3.3708192668812925e-10,3.50417e-10,9.186455611115927e-10,915.354
