R,D,Analytic,Numerical,Analytic Area, Numerical Area
3.812060301507538e-05,1.255276381909548e-06,3.215309067635254e-10,3.34755e-10,9.44558500182755e-10,942.473
