R,D,Analytic,Numerical,Analytic Area, Numerical Area
4.090954773869347e-05,9.0854271356784e-07,4.767400630353598e-10,4.97106e-10,7.336683243762406e-10,733.41
