R,D,Analytic,Numerical,Analytic Area, Numerical Area
2.5663316582914575e-05,2.804020100502513e-06,9.690227648700227e-11,1.01981e-10,1.4204424574839402e-09,1418.63
