R,D,Analytic,Numerical,Analytic Area, Numerical Area
1.2090452261306533e-05,4.491457286432162e-06,2.8500835640031434e-11,3.073e-11,1.0719130581221166e-09,1076.64
