R,D,Analytic,Numerical,Analytic Area, Numerical Area
2.7522613065326632e-05,2.5728643216080405e-06,1.1325962019125701e-10,1.18908e-10,1.3977718508138886e-09,1396.28
