R,D,Analytic,Numerical,Analytic Area, Numerical Area
3.086934673366834e-05,2.1567839195979905e-06,1.5153854846840856e-10,1.58501e-10,1.3142071233334927e-09,1312.74
