R,D,Analytic,Numerical,Analytic Area, Numerical Area
4.2768844221105526e-05,6.773869346733674e-07,6.684870820101586e-10,6.97072e-10,5.718657292580556e-10,571.996
