R,D,Analytic,Numerical,Analytic Area, Numerical Area
1.8226130653266334e-05,3.7286432160804023e-06,5.175424426825065e-11,5.49307e-11,1.3414517275200788e-09,1342.59
