R,D,Analytic,Numerical,Analytic Area, Numerical Area
9.673366834170854e-06,4.791959798994975e-06,2.137306528883271e-11,2.30732e-11,9.149988842196768e-10,914.861
