R,D,Analytic,Numerical,Analytic Area, Numerical Area
1.3577889447236182e-05,4.306532663316583e-06,3.3381576547959345e-11,3.56726e-11,1.1542230815193625e-09,1157.13
