R,D,Analytic,Numerical,Analytic Area, Numerical Area
2.064321608040201e-05,3.428140703517588e-06,6.375599689632248e-11,6.75529e-11,1.3969013537493672e-09,1393.83
