R,D,Analytic,Numerical,Analytic Area, Numerical Area
1.4693467336683417e-05,4.1678391959798995e-06,3.7326361534250006e-11,3.97036e-11,1.2088293264882458e-09,1209.67
