R,D,Analytic,Numerical,Analytic Area, Numerical Area
4.053768844221106e-05,9.547738693467343e-07,4.4953217023767266e-10,4.68054e-10,7.639927655201486e-10,762.872
