R,D,Analytic,Numerical,Analytic Area, Numerical Area
3.5331658291457286e-05,1.6020100502512566e-06,2.335076462429867e-10,2.43971e-10,1.117272215744355e-09,1116.65
