R,D,Analytic,Numerical,Analytic Area, Numerical Area
2.0457286432160804e-05,3.4512562814070353e-06,6.275858409559342e-11,6.65912e-11,1.39365403682544e-09,1392.7
