R,D,Analytic,Numerical,Analytic Area, Numerical Area
3.719095477386935e-05,1.3708542713567844e-06,2.8724227595469385e-10,2.99143e-10,1.00637156761939e-09,1003.48
