R,D,Analytic,Numerical,Analytic Area, Numerical Area
1.450753768844221e-05,4.190954773869347e-06,3.6650765864135875e-11,3.90534e-11,1.2001524685517088e-09,1200.44
