R,D,Analytic,Numerical,Analytic Area, Numerical Area
1.1346733668341709e-05,4.58391959798995e-06,2.620813943410389e-11,2.81182e-11,1.0266858906640362e-09,1027.39
