R,D,Analytic,Numerical,Analytic Area, Numerical Area
1.3763819095477387e-05,4.283417085427136e-06,3.402130059528249e-11,3.62835e-11,1.1637483052391198e-09,1164.81
