R,D,Analytic,Numerical,Analytic Area, Numerical Area
3.291457286432161e-05,1.9025125628140707e-06,1.8317365500960098e-10,1.91401e-10,1.236076921388522e-09,1234.65
