R,D,Analytic,Numerical,Analytic Area, Numerical Area
2.9381909547738696e-05,2.3417085427135683e-06,1.3284631072124443e-10,1.39265e-10,1.3581339284794316e-09,1357.63
