R,D,Analytic,Numerical,Analytic Area, Numerical Area
3.607537688442211e-05,1.5095477386934678e-06,2.530266968226853e-10,2.63664e-10,1.074948034374098e-09,1073.01
