R,D,Analytic,Numerical,Analytic Area, Numerical Area
2.380402010050251e-05,3.0351758793969853e-06,8.303644871121016e-11,8.7529e-11,1.4261457484895843e-09,1421.38
