R,D,Analytic,Numerical,Analytic Area, Numerical Area
3.142713567839196e-05,2.0874371859296485e-06,1.5940197780475172e-10,1.66513e-10,1.2949349643191382e-09,1293.12
