R,D,Analytic,Numerical,Analytic Area, Numerical Area
3.440201005025126e-05,1.7175879396984929e-06,2.1206410179396137e-10,2.21485e-10,1.1663597964326854e-09,1165.11
