R,D,Analytic,Numerical,Analytic Area, Numerical Area
2.9010050251256283e-05,2.3879396984924627e-06,1.2862560973161751e-10,1.34907e-10,1.3674188981994754e-09,1367.05
