R,D,Analytic,Numerical,Analytic Area, Numerical Area
4.128140703517588e-05,8.623115577889448e-07,5.068653522635688e-10,5.27802e-10,7.026651906057556e-10,701.72
