R,D,Analytic,Numerical,Analytic Area, Numerical Area
8.92964824120603e-06,4.8844221105527645e-06,1.9356350777942743e-11,2.09828e-11,8.609487126161052e-10,862.679
