R,D,Analytic,Numerical,Analytic Area, Numerical Area
2.584924623115578e-05,2.7809045226130655e-06,9.841564113763083e-11,1.03429e-10,1.4189389260218333e-09,1414.87
