R,D,Analytic,Numerical,Analytic Area, Numerical Area
2.34321608040201e-05,3.0814070351758797e-06,8.051292232540063e-11,8.50349e-11,1.4252503288109846e-09,1422.02
