R,D,Analytic,Numerical,Analytic Area, Numerical Area
2.1015075376884423e-05,3.381909547738694e-06,6.579172679688923e-11,6.98193e-11,1.402886968127289e-09,1402.52
