R,D,Analytic,Numerical,Analytic Area, Numerical Area
8.557788944723617e-06,4.930653266331659e-06,1.8376357424098123e-11,1.99053e-11,8.329055878744546e-10,835
