R,D,Analytic,Numerical,Analytic Area, Numerical Area
1.1160804020100503e-05,4.6070351758793976e-06,2.5649344749096788e-11,2.75464e-11,1.0149549159079058e-09,1015.39
