R,D,Analytic,Numerical,Analytic Area, Numerical Area
2.4547738693467337e-05,2.942713567839196e-06,8.832137487165551e-11,9.31306e-11,1.4259005099670555e-09,1423.88
