R,D,Analytic,Numerical,Analytic Area, Numerical Area
4.295477386934673e-05,6.542713567839202e-07,6.951137033854609e-10,7.25048e-10,5.547522673846948e-10,555.066
