R,D,Analytic,Numerical,Analytic Area, Numerical Area
1.1904522613065326e-05,4.514572864321609e-06,2.7918857267634085e-11,3.00033e-11,1.0608607759925626e-09,1064.69
