R,D,Analytic,Numerical,Analytic Area, Numerical Area
2.975376884422111e-05,2.295477386934674e-06,1.37237022433746e-10,1.43842e-10,1.3481702661328114e-09,1347.2
