R,D,Analytic,Numerical,Analytic Area, Numerical Area
2.5291457286432162e-05,2.8502512562814075e-06,9.39491876377151e-11,9.88742e-11,1.4229405009382213e-09,1419.94
