R,D,Analytic,Numerical,Analytic Area, Numerical Area
4.2396984924623114e-05,7.236180904522617e-07,6.203372750231537e-10,6.43979e-10,6.05583633534845e-10,602.536
