R,D,Analytic,Numerical,Analytic Area, Numerical Area
4.351256281407035e-05,5.849246231155787e-07,7.876206250707892e-10,8.18079e-10,5.023938428247482e-10,501.272
