R,D,Analytic,Numerical,Analytic Area, Numerical Area
9.301507537688442e-06,4.838190954773869e-06,2.0355072712708367e-11,2.20426e-11,8.883131447311792e-10,889.282
