R,D,Analytic,Numerical,Analytic Area, Numerical Area
4.146733668341709e-05,8.391959798994976e-07,5.23172694456563e-10,5.45206e-10,6.869091139855474e-10,686.552
