R,D,Analytic,Numerical,Analytic Area, Numerical Area
1.171859296482412e-05,4.537688442211056e-06,2.7342808242995383e-11,2.94116e-11,1.0496388207063643e-09,1053.46
