R,D,Analytic,Numerical,Analytic Area, Numerical Area
3.328643216080402e-05,1.8562814070351763e-06,1.8985662381773196e-10,1.98372e-10,1.2196656790894274e-09,1217.8
