R,D,Analytic,Numerical,Analytic Area, Numerical Area
4.369849246231156e-05,5.618090452261306e-07,8.235311832205511e-10,8.58689e-10,4.846016883248104e-10,484.7
