R,D,Analytic,Numerical,Analytic Area, Numerical Area
1.0045226130653266e-05,4.745728643216081e-06,2.241089168897304e-11,2.4166e-11,9.410059310815985e-10,942.423
