R,D,Analytic,Numerical,Analytic Area, Numerical Area
2.2874371859296483e-05,3.1507537688442216e-06,7.686648706935052e-11,8.12304e-11,1.4226346506182543e-09,1418.24
