R,D,Analytic,Numerical,Analytic Area, Numerical Area
3.830653266331659e-05,1.2321608040201009e-06,3.2916054663681184e-10,3.42727e-10,9.316868672254958e-10,930.035
