R,D,Analytic,Numerical,Analytic Area, Numerical Area
2.6778894472361813e-05,2.6653266331658296e-06,1.0637621311209099e-10,1.11799e-10,1.4088761713616384e-09,1406.64
