R,D,Analytic,Numerical,Analytic Area, Numerical Area
3.068341708542714e-05,2.1798994974874377e-06,1.4902858339516676e-10,1.55836e-10,1.3202918300249894e-09,1318.67
