R,D,Analytic,Numerical,Analytic Area, Numerical Area
2.0271356783919597e-05,3.4743718592964825e-06,6.177444320369675e-11,6.53642e-11,1.3902370467448688e-09,1388.35
