R,D,Analytic,Numerical,Analytic Area, Numerical Area
4.0165829145728644e-05,1.0010050251256287e-06,4.248374562927839e-10,4.42619e-10,7.936385140374804e-10,792.744
