R,D,Analytic,Numerical,Analytic Area, Numerical Area
1.6738693467336683e-05,3.9135678391959806e-06,4.528464951271303e-11,4.80989e-11,1.2930763354516462e-09,1294.23
