R,D,Analytic,Numerical,Analytic Area, Numerical Area
1.0603015075376884e-05,4.676381909547739e-06,2.4006106478099115e-11,2.58529e-11,9.787439526996502e-10,980.006
