R,D,Analytic,Numerical,Analytic Area, Numerical Area
1.3020100502512563e-05,4.375879396984925e-06,3.150295650453406e-11,3.37191e-11,1.1246293714202256e-09,1125.98
