R,D,Analytic,Numerical,Analytic Area, Numerical Area
2.120100502512563e-05,3.3587939698492466e-06,6.683060691221438e-11,7.08348e-11,1.405625265581284e-09,1404.9
