R,D,Analytic,Numerical,Analytic Area, Numerical Area
2.6592964824120607e-05,2.688442211055277e-06,1.0472934188567369e-10,1.10118e-10,1.4112280686069654e-09,1410.4
