R,D,Analytic,Numerical,Analytic Area, Numerical Area
2.3246231155778896e-05,3.104522613065327e-06,7.92793435482649e-11,8.36867e-11,1.4245481092367185e-09,1420.8
