R,D,Analytic,Numerical,Analytic Area, Numerical Area
1.7110552763819096e-05,3.867336683417086e-06,4.6844043778763215e-11,4.97244e-11,1.3061882224086188e-09,1308.49
