R,D,Analytic,Numerical,Analytic Area, Numerical Area
2.3618090452261305e-05,3.0582914572864325e-06,8.176514869496107e-11,8.62287e-11,1.4257828752286066e-09,1420.69
