R,D,Analytic,Numerical,Analytic Area, Numerical Area
1.841206030150754e-05,3.705527638190955e-06,5.2608346586465433e-11,5.58672e-11,1.3467351223237348e-09,1348.11
