R,D,Analytic,Numerical,Analytic Area, Numerical Area
2.6221105527638194e-05,2.734673366834171e-06,1.0151912322161002e-10,1.06675e-10,1.4154228436276875e-09,1412.43
