R,D,Analytic,Numerical,Analytic Area, Numerical Area
3.0311557788944727e-05,2.226130653266332e-06,1.4416503030516496e-10,1.50992e-10,1.3319522239380503e-09,1330.99
