R,D,Analytic,Numerical,Analytic Area, Numerical Area
2.436180904522613e-05,2.9658291457286438e-06,8.696925042193126e-11,9.1699e-11,1.4262163293326539e-09,1423.16
