R,D,Analytic,Numerical,Analytic Area, Numerical Area
1.9899497487437185e-05,3.5206030150753773e-06,5.984493145789417e-11,6.36603e-11,1.3828940471137946e-09,1383.84
