R,D,Analytic,Numerical,Analytic Area, Numerical Area
2.1386934673366836e-05,3.3356783919597995e-06,6.788388548650455e-11,7.18996e-11,1.4081938898786349e-09,1406.82
