R,D,Analytic,Numerical,Analytic Area, Numerical Area
3.198492462311558e-05,2.018090452261307e-06,1.6780582210544513e-10,1.75644e-10,1.274135746894988e-09,1273.77
