R,D,Analytic,Numerical,Analytic Area, Numerical Area
4.407035175879397e-05,5.155778894472363e-07,9.050124496656226e-10,9.44417e-10,4.485083598550041e-10,449.058
