R,D,Analytic,Numerical,Analytic Area, Numerical Area
1.8597989949748744e-05,3.682412060301508e-06,5.347317180496347e-11,5.67225e-11,1.3518488439707464e-09,1352.07
