R,D,Analytic,Numerical,Analytic Area, Numerical Area
3.997989949748744e-05,1.0241206030150759e-06,4.133261813920753e-10,4.29533e-10,8.082068785611802e-10,805.162
