R,D,Analytic,Numerical,Analytic Area, Numerical Area
8.371859296482412e-06,4.953768844221106e-06,1.7893220104186904e-11,1.93995e-11,8.186295157686635e-10,819.477
