R,D,Analytic,Numerical,Analytic Area, Numerical Area
2.9939698492462315e-05,2.2723618090452264e-06,1.394993749967997e-10,1.46197e-10,1.342933925224535e-09,1342.19
