R,D,Analytic,Numerical,Analytic Area, Numerical Area
4.462814070351759e-05,4.4623115577889476e-07,1.0588909224453347e-09,1.10327e-09,3.930958184754642e-10,392.995
