R,D,Analytic,Numerical,Analytic Area, Numerical Area
3.6447236180904524e-05,1.463316582914573e-06,2.637112320644572e-10,2.74973e-10,1.0527679047491047e-09,1051.06
