R,D,Analytic,Numerical,Analytic Area, Numerical Area
1.6552763819095477e-05,3.936683417085428e-06,4.451868715175297e-11,4.72288e-11,1.2862658822381936e-09,1286.93
