R,D,Analytic,Numerical,Analytic Area, Numerical Area
1.8040201005025128e-05,3.7517587939698495e-06,5.091066665044781e-11,5.39374e-11,1.335998659559779e-09,1335.86
