R,D,Analytic,Numerical,Analytic Area, Numerical Area
2.0829145728643217e-05,3.405025125628141e-06,6.476695190154785e-11,6.86786e-11,1.3999789975166502e-09,1399.14
