R,D,Analytic,Numerical,Analytic Area, Numerical Area
3.774874371859297e-05,1.3015075376884428e-06,3.0708466972159593e-10,3.19394e-10,9.697927466273415e-10,966.005
