R,D,Analytic,Numerical,Analytic Area, Numerical Area
3.403015075376885e-05,1.7638190954773872e-06,2.0427355823800776e-10,2.13434e-10,1.1848071166115088e-09,1184.35
