R,D,Analytic,Numerical,Analytic Area, Numerical Area
4.221105527638191e-05,7.467336683417089e-07,5.984981297275674e-10,6.23013e-10,6.221880759382736e-10,621.641
