R,D,Analytic,Numerical,Analytic Area, Numerical Area
3.700502512562814e-05,1.3939698492462315e-06,2.810668614081573e-10,2.93267e-10,1.0182251616367847e-09,1017.71
