R,D,Analytic,Numerical,Analytic Area, Numerical Area
1.934170854271357e-05,3.5899497487437192e-06,5.704384434763125e-11,6.0429e-11,1.3706069989923527e-09,1370.48
