R,D,Analytic,Numerical,Analytic Area, Numerical Area
1.4321608040201004e-05,4.214070351758795e-06,3.5982581928060676e-11,3.84379e-11,1.1913059374585279e-09,1195.79
