R,D,Analytic,Numerical,Analytic Area, Numerical Area
3.9608040201005025e-05,1.0703517587939702e-06,3.917952334087778e-10,4.08424e-10,8.368345881386475e-10,836.254
