R,D,Analytic,Numerical,Analytic Area, Numerical Area
1.580904522613065e-05,4.0291457286432165e-06,4.1542725631594845e-11,4.41735e-11,1.2573273378179432e-09,1259.35
