R,D,Analytic,Numerical,Analytic Area, Numerical Area
2.2316582914572867e-05,3.220100502512563e-06,7.337710801346736e-11,7.76259e-11,1.4184919140157275e-09,1414.7
