R,D,Analytic,Numerical,Analytic Area, Numerical Area
4.4442211055276384e-05,4.6934673366834194e-07,1.0025457000784594e-09,1.0435e-09,4.1173633875862157e-10,411.327
