R,D,Analytic,Numerical,Analytic Area, Numerical Area
1.506532663316583e-05,4.121608040201005e-06,3.870028689117559e-11,4.11304e-11,1.225674022891388e-09,1228.27
