R,D,Analytic,Numerical,Analytic Area, Numerical Area
3.235678391959799e-05,1.9718592964824126e-06,1.7373677168496946e-10,1.8174e-10,1.2594212361623337e-09,1258.56
