R,D,Analytic,Numerical,Analytic Area, Numerical Area
3.3100502512562816e-05,1.8793969849246235e-06,1.864740409423865e-10,1.95056e-10,1.2279561368172966e-09,1227.64
