R,D,Analytic,Numerical,Analytic Area, Numerical Area
3.923618090452261e-05,1.1165829145728646e-06,3.720472262125761e-10,3.87506e-10,8.647836050895387e-10,863.619
