R,D,Analytic,Numerical,Analytic Area, Numerical Area
1.0231155778894473e-05,4.7226130653266334e-06,2.29374245976631e-11,2.46918e-11,9.537549447775932e-10,953.824
