R,D,Analytic,Numerical,Analytic Area, Numerical Area
1.785427135678392e-05,3.7748743718592967e-06,5.0077420387921606e-11,5.30402e-11,1.3303759184428351e-09,1329.24
