R,D,Analytic,Numerical,Analytic Area, Numerical Area
2.715075376884422e-05,2.6190954773869353e-06,1.097571651693943e-10,1.15246e-10,1.4036633574010518e-09,1401.89
