R,D,Analytic,Numerical,Analytic Area, Numerical Area
2.8452261306532664e-05,2.4572864321608046e-06,1.2259233776485019e-10,1.28529e-10,1.3800738041047113e-09,1377.7
