R,D,Analytic,Numerical,Analytic Area, Numerical Area
3.57035175879397e-05,1.5557788944723622e-06,2.429771597994167e-10,2.54033e-10,1.0964494713725145e-09,1097.19
