R,D,Analytic,Numerical,Analytic Area, Numerical Area
4.5e-05,4e-07,1.1911181528238827e-09,1.23916e-09,3.553057584392169e-10,354.847
