R,D,Analytic,Numerical,Analytic Area, Numerical Area
3.179899497487437e-05,2.041206030150754e-06,1.6494109461282405e-10,1.72539e-10,1.2812384925263487e-09,1280.05
