R,D,Analytic,Numerical,Analytic Area, Numerical Area
9.487437185929649e-06,4.815075376884422e-06,2.0861625478619544e-11,2.26133e-11,9.017408510537501e-10,903.366
