R,D,Analytic,Numerical,Analytic Area, Numerical Area
3.4773869346733667e-05,1.6713567839195985e-06,2.2028563152378605e-10,2.30391e-10,1.1472337836272853e-09,1147.42
