R,D,Analytic,Numerical,Analytic Area, Numerical Area
3.626130653266332e-05,1.4864321608040207e-06,2.582858865833411e-10,2.69109e-10,1.0639428061399235e-09,1062.16
