R,D,Analytic,Numerical,Analytic Area, Numerical Area
2.1944723618090455e-05,3.266331658291458e-06,7.113316886676094e-11,7.52965e-11,1.4148817238308227e-09,1412.15
