R,D,Analytic,Numerical,Analytic Area, Numerical Area
1.7668341708542715e-05,3.797989949748744e-06,4.9254316842536485e-11,5.23946e-11,1.324583504169247e-09,1328.28
