R,D,Analytic,Numerical,Analytic Area, Numerical Area
3.756281407035176e-05,1.32462311557789e-06,3.002396962521841e-10,3.12618e-10,9.821553601146684e-10,980.125
