R,D,Analytic,Numerical,Analytic Area, Numerical Area
2.7336683417085426e-05,2.5959798994974877e-06,1.1149279909428176e-10,1.17083e-10,1.4008024406857924e-09,1399.18
