R,D,Analytic,Numerical,Analytic Area, Numerical Area
1.3949748743718593e-05,4.260301507537689e-06,3.4667966682279336e-11,3.71024e-11,1.1731038558022334e-09,1175.91
